<?xml version="1.0" encoding="UTF-8"?>
<metadata>
  <identifier>batocera-36-pc-64-bits-320-gb-by-clebinho</identifier>
  <mediatype>software</mediatype>
  <collection>open_source_software</collection>
  <creator>Clebinho Retro Games</creator>
  <date>2024-04-23</date>
  <description>&lt;p class="md-end-block md-p md-focus" style="line-height:inherit;margin:0.8em 0px;color:rgb(51,51,51);font-family:'Open Sans', 'Clear Sans', 'Helvetica Neue', Helvetica, Arial, 'Segoe UI Emoji', sans-serif;font-size:16px;"&gt;&lt;span class="md-plain md-expand"&gt;Sistema Batocera 36 Bootavel para PC 64 Bits(SOMENTE PC).&lt;/span&gt;&lt;span class="md-softbreak"&gt;
&lt;/span&gt;&lt;span class="md-plain"&gt;Imagem de 320GB, Coleções SeparadQWas por Franquia e muito Mais...&lt;/span&gt;&lt;/p&gt;&lt;ul class="ul-list" style="margin:0.8em 0px 0px;padding-left:30px;color:rgb(51,51,51);font-family:'Open Sans', 'Clear Sans', 'Helvetica Neue', Helvetica, Arial, 'Segoe UI Emoji', sans-serif;font-size:16px;"&gt;&lt;li class="md-list-item" style="margin:0px;"&gt;&lt;p class="md-end-block md-p" style="line-height:inherit;margin:0px 0px 0.5rem;"&gt;&lt;span class="md-plain"&gt;Tamanho da Imagem 298 GB &lt;/span&gt;&lt;/p&gt;&lt;/li&gt;&lt;li class="md-list-item" style="margin:0px;"&gt;&lt;p class="md-end-block md-p" style="line-height:inherit;margin:0px 0px 0.5rem;"&gt;&lt;span class="md-plain"&gt;Fightcade Jogar Online&lt;/span&gt;&lt;/p&gt;&lt;/li&gt;&lt;li class="md-list-item" style="margin:0px;"&gt;&lt;p class="md-end-block md-p" style="line-height:inherit;margin:0px 0px 0.5rem;"&gt;&lt;span class="md-plain"&gt;2 Temas Incluso &lt;/span&gt;&lt;/p&gt;&lt;/li&gt;&lt;li class="md-list-item" style="margin:0px;"&gt;&lt;p class="md-end-block md-p" style="line-height:inherit;margin:0px 0px 0.5rem;"&gt;&lt;span class="md-plain"&gt;Sistemas Inéditos &lt;/span&gt;&lt;/p&gt;&lt;/li&gt;&lt;li class="md-list-item" style="margin:0px;"&gt;&lt;p class="md-end-block md-p" style="line-height:inherit;margin:0px 0px 0.5rem;"&gt;&lt;span class="md-plain"&gt;Aplicativos &lt;/span&gt;&lt;/p&gt;&lt;/li&gt;&lt;li class="md-list-item" style="margin:0px;"&gt;&lt;p class="md-end-block md-p" style="line-height:inherit;margin:0px 0px 0.5rem;"&gt;&lt;span class="md-plain"&gt; 80 Pack Collections&lt;/span&gt;&lt;/p&gt;&lt;/li&gt;&lt;li class="md-list-item md-focus-container" style="margin:0px;"&gt;&lt;p class="md-end-block md-p md-focus" style="line-height:inherit;margin:0px 0px 0.5rem;"&gt;&lt;span class="md-plain md-expand"&gt;Jogos Dublados e Legendados PT-BR
&lt;/span&gt;&lt;/p&gt;&lt;/li&gt;&lt;/ul&gt;&lt;div&gt;&lt;font color="#333333" face="Open Sans, Clear Sans, Helvetica Neue, Helvetica, Arial, Segoe UI Emoji, sans-serif"&gt;&lt;span&gt;&lt;br /&gt;&lt;/span&gt;&lt;/font&gt;&lt;/div&gt;&lt;div&gt;&lt;font color="#333333" face="Open Sans, Clear Sans, Helvetica Neue, Helvetica, Arial, Segoe UI Emoji, sans-serif"&gt;&lt;span&gt;Compre aqui: https://www.youtube.com/watch?v=Hx23R77w-N4&amp;amp;t=99s&lt;/span&gt;&lt;/font&gt;&lt;/div&gt;</description>
  <scanner>Internet Archive HTML5 Uploader 1.7.0</scanner>
  <subject>batocera</subject>
  <subject>retro</subject>
  <subject>retrogames</subject>
  <title>Batocera 36 PC 64 Bits 320 GB</title>
  <uploader>fabriciobasto@gmail.com</uploader>
  <publicdate>2024-04-24 06:41:39</publicdate>
  <addeddate>2024-04-24 06:41:39</addeddate>
  <curation>[curator]kaplan@archive.org[/curator][date]20240719190828[/date][state]un-dark[/state][comment][/comment]</curation>
  <noarchivetorrent>true</noarchivetorrent>
  <year>2024</year>
</metadata>
